Voltage_measured (Volts),Current_measured (Amps),Temperature_measured (C),Time (secs),Source_File,Ambient Temperature,Delta_Temperature,state,cycle_number,
3.873017221,-0.001200661,24.65535783,0,Cycle_1_charge.csv,24,0.655357834,charge,1,
3.479393559,-4.030268478,24.66647981,2.532,Cycle_1_charge.csv,24,0.666479812,charge,1,
4.000587822,1.512730647,24.67539447,5.5,Cycle_1_charge.csv,24,0.67539447,charge,1,
4.012395194,1.509063282,24.69386509,8.344,Cycle_1_charge.csv,24,0.693865094,charge,1,
4.019708059,1.511318193,24.70506946,11.125,Cycle_1_charge.csv,24,0.70506946,charge,1,
4.025409467,1.51277913,24.71813972,13.891,Cycle_1_charge.csv,24,0.718139717,charge,1,
4.030636266,1.511838343,24.73114415,16.672,Cycle_1_charge.csv,24,0.731144147,charge,1,
4.035348959,1.510245404,24.74128965,19.5,Cycle_1_charge.csv,24,0.741289654,charge,1,
4.039716367,1.507795762,24.75901141,22.282,Cycle_1_charge.csv,24,0.759011414,charge,1,
4.04354121,1.507322026,24.76689109,25.063,Cycle_1_charge.csv,24,0.766891095,charge,1,
4.046724069,1.510225939,24.77833908,27.828,Cycle_1_charge.csv,24,0.778339076,charge,1, 
4.050320832,1.51185336,24.79565341,30.641,Cycle_1_charge.csv,24,0.795653409,charge,1,
4.053477757,1.510139289,24.79560886,33.453,Cycle_1_charge.csv,24,0.795608863,charge,1,
4.056879474,1.512817714,24.80759179,36.219,Cycle_1_charge.csv,24,0.807591786,charge,1,
4.06020401,1.509577661,24.82664625,39.735,Cycle_1_charge.csv,24,0.826646253,charge,1,
4.06309148,1.512772146,24.83742133,42.578,Cycle_1_charge.csv,24,0.837421333,charge,1,
4.066063636,1.509769494,24.8467593,45.438,Cycle_1_charge.csv,24,0.846759303,charge,1,
4.068105681,1.51136777,24.84916666,48.297,Cycle_1_charge.csv,24,0.849166658,charge,1,
4.070910891,1.513397984,24.85294998,51.188,Cycle_1_charge.csv,24,0.852949982,charge,1,
4.073140624,1.511197352,24.86507399,54.047,Cycle_1_charge.csv,24,0.865073985,charge,1,
4.075311977,1.511244173,24.87506247,56.922,Cycle_1_charge.csv,24,0.875062473,charge,1,
4.077986508,1.508112631,24.88648983,59.797,Cycle_1_charge.csv,24,0.886489825,charge,1,
4.079760222,1.508852666,24.90653923,62.688,Cycle_1_charge.csv,24,0.906539228,charge,1,
4.081802115,1.510345307,24.90930298,65.657,Cycle_1_charge.csv,24,0.909302977,charge,1,
4.083793222,1.513880718,24.91400307,68.547,Cycle_1_charge.csv,24,0.91400307,charge,1,
4.085358876,1.507549217,24.92638503,71.453,Cycle_1_charge.csv,24,0.926385032,charge,1,
4.087077934,1.511287164,24.93787289,74.344,Cycle_1_charge.csv,24,0.937872895,charge,1,
4.088869896,1.512063308,24.95146771,77.235,Cycle_1_charge.csv,24,0.951467708,charge,1,
4.089918408,1.512585708,24.95078944,80.188,Cycle_1_charge.csv,24,0.950789442,charge,1,
4.092041174,1.509394822,24.98153815,83.172,Cycle_1_charge.csv,24,0.981538149,charge,1,
4.093273406,1.510155243,24.99214715,86.094,Cycle_1_charge.csv,24,0.99214715,charge,1,
4.094623414,1.506183161,24.99749221,89.016,Cycle_1_charge.csv,24,0.997492213,charge,1,
4.09636787,1.511096005,25.00289676,91.922,Cycle_1_charge.csv,24,1.002896756,charge,1,
4.097552115,1.51296527,25.0095367,94.907,Cycle_1_charge.csv,24,1.009536696,charge,1,
4.098522593,1.509632811,25.02364573,97.844,Cycle_1_charge.csv,24,1.023645732,charge,1,
4.099901529,1.511441813,25.03636293,100.766,Cycle_1_charge.csv,24,1.036362925,charge,1,
4.10107397,1.511119473,25.04509564,103.75,Cycle_1_charge.csv,24,1.045095638,charge,1,
4.101860531,1.514393232,25.0567594,106.703,Cycle_1_charge.csv,24,1.056759404,charge,1,
4.103038335,1.51239048,25.06390034,109.641,Cycle_1_charge.csv,24,1.06390034,charge,1,
4.104337614,1.510024063,25.0689234,112.641,Cycle_1_charge.csv,24,1.068923404,charge,1,
4.105187193,1.51073995,25.08221319,115.594,Cycle_1_charge.csv,24,1.082213189,charge,1,
4.106177506,1.510068654,25.09583094,118.547,Cycle_1_charge.csv,24,1.095830942,charge,1,
4.107134019,1.509815046,25.10343974,121.532,Cycle_1_charge.csv,24,1.103439736,charge,1,
4.108073995,1.511929846,25.11649801,124.5,Cycle_1_charge.csv,24,1.116498013,charge,1,
4.108761145,1.510712868,25.1249455,127.532,Cycle_1_charge.csv,24,1.124945499,charge,1,
4.109711566,1.511248939,25.13920438,130.516,Cycle_1_charge.csv,24,1.139204379,charge,1,
4.110737855,1.510533052,25.14231807,133.563,Cycle_1_charge.csv,24,1.14231807,charge,1,
4.111537696,1.51009453,25.15439989,136.563,Cycle_1_charge.csv,24,1.154399886,charge,1,
4.11216994,1.512522054,25.17080137,139.563,Cycle_1_charge.csv,24,1.170801374,charge,1,
4.113079968,1.509545699,25.17883786,142.563,Cycle_1_charge.csv,24,1.178837856,charge,1,
4.11363282,1.510106405,25.18697979,145.594,Cycle_1_charge.csv,24,1.186979786,charge,1,
4.114555001,1.513696994,25.19641157,148.578,Cycle_1_charge.csv,24,1.196411573,charge,1,
4.115402388,1.511810715,25.20935978,151.61,Cycle_1_charge.csv,24,1.209359776,charge,1,
4.115793004,1.509077714,25.21352634,154.672,Cycle_1_charge.csv,24,1.213526339,charge,1,
4.116746363,1.509168307,25.22749813,157.735,Cycle_1_charge.csv,24,1.227498134,charge,1,
4.117245,1.508664878,25.23726711,160.782,Cycle_1_charge.csv,24,1.237267111,charge,1,
4.117942705,1.506970074,25.24742256,163.844,Cycle_1_charge.csv,24,1.247422559,charge,1,
4.118642596,1.511416907,25.25003189,166.922,Cycle_1_charge.csv,24,1.250031889,charge,1,
4.119436506,1.511009702,25.26660411,170.032,Cycle_1_charge.csv,24,1.266604109,charge,1,
4.120047552,1.508394786,25.26942164,173.11,Cycle_1_charge.csv,24,1.269421638,charge,1,
4.12062053,1.512251486,25.28608478,176.188,Cycle_1_charge.csv,24,1.286084782,charge,1,
4.121202327,1.509602459,25.29414986,179.266,Cycle_1_charge.csv,24,1.294149863,charge,1,
4.12214376,1.512959259,25.304821,182.422,Cycle_1_charge.csv,24,1.304821001,charge,1,
4.122237224,1.509332242,25.31614022,185.563,Cycle_1_charge.csv,24,1.316140216,charge,1,
4.123303809,1.510951439,25.33115641,188.703,Cycle_1_charge.csv,24,1.331156407,charge,1,
4.123763986,1.51227181,25.34382622,191.86,Cycle_1_charge.csv,24,1.343826218,charge,1,
4.124420845,1.509663645,25.34584506,195,Cycle_1_charge.csv,24,1.345845056,charge,1,
4.125073807,1.508821607,25.35490887,198.188,Cycle_1_charge.csv,24,1.354908868,charge,1,
4.125678262,1.508662202,25.36978064,201.36,Cycle_1_charge.csv,24,1.369780645,charge,1,
4.126168051,1.509409844,25.37714908,204.5,Cycle_1_charge.csv,24,1.377149078,charge,1,
4.126566267,1.511612602,25.37982666,207.657,Cycle_1_charge.csv,24,1.37982666,charge,1,
4.127312378,1.513880456,25.38331852,210.813,Cycle_1_charge.csv,24,1.38331852,charge,1,
4.128081409,1.508166262,25.3967205,213.969,Cycle_1_charge.csv,24,1.396720496,charge,1,
4.128457441,1.511541558,25.4073758,217.11,Cycle_1_charge.csv,24,1.407375803,charge,1,
4.128958292,1.511075936,25.42111638,220.297,Cycle_1_charge.csv,24,1.421116379,charge,1,
4.129462034,1.509700404,25.42848061,223.485,Cycle_1_charge.csv,24,1.428480613,charge,1,
4.130024177,1.511366494,25.43495014,226.672,Cycle_1_charge.csv,24,1.43495014,charge,1,
4.130530613,1.511298598,25.44617922,229.86,Cycle_1_charge.csv,24,1.446179217,charge,1,
4.131235406,1.511002552,25.46151868,233.078,Cycle_1_charge.csv,24,1.461518678,charge,1,
4.131832155,1.50970821,25.47117496,236.36,Cycle_1_charge.csv,24,1.471174959,charge,1,
4.132316087,1.512233711,25.48021807,239.594,Cycle_1_charge.csv,24,1.480218073,charge,1,
4.132807698,1.509004345,25.48441354,242.813,Cycle_1_charge.csv,24,1.484413542,charge,1,
4.133497457,1.51402103,25.50519967,246.11,Cycle_1_charge.csv,24,1.505199665,charge,1,
4.134105481,1.509487452,25.50370825,249.375,Cycle_1_charge.csv,24,1.503708248,charge,1,
4.13446612,1.508831847,25.52102122,252.641,Cycle_1_charge.csv,24,1.521021221,charge,1,
4.135222072,1.511498426,25.52604236,255.938,Cycle_1_charge.csv,24,1.526042358,charge,1,
4.135784649,1.507558779,25.53454707,259.219,Cycle_1_charge.csv,24,1.534547066,charge,1,
4.136390259,1.508618314,25.55241548,262.547,Cycle_1_charge.csv,24,1.552415479,charge,1,
4.136829572,1.512096347,25.55603767,265.828,Cycle_1_charge.csv,24,1.556037671,charge,1,
4.137251838,1.508431309,25.5804781,269.157,Cycle_1_charge.csv,24,1.580478103,charge,1,
4.137902074,1.511121377,25.58479371,272.469,Cycle_1_charge.csv,24,1.584793707,charge,1,
4.138286288,1.508245267,25.59057258,275.875,Cycle_1_charge.csv,24,1.590572578,charge,1,
4.138796581,1.508522507,25.60353937,279.219,Cycle_1_charge.csv,24,1.603539375,charge,1,
4.139543978,1.510140761,25.61579699,282.594,Cycle_1_charge.csv,24,1.615796991,charge,1,
4.140074146,1.510948202,25.61732739,285.953,Cycle_1_charge.csv,24,1.617327388,charge,1,
4.140582723,1.512540869,25.63536119,289.344,Cycle_1_charge.csv,24,1.635361186,charge,1,
4.141181169,1.51267089,25.6486034,292.719,Cycle_1_charge.csv,24,1.648603396,charge,1,
4.141665995,1.511992826,25.66037576,296.141,Cycle_1_charge.csv,24,1.660375758,charge,1,
4.142484861,1.509993856,25.67095055,299.547,Cycle_1_charge.csv,24,1.670950551,charge,1,
4.142615152,1.51225025,25.66982836,302.969,Cycle_1_charge.csv,24,1.669828358,charge,1,
4.143323597,1.510785723,25.69055557,306.375,Cycle_1_charge.csv,24,1.690555568,charge,1,
4.143984583,1.513136215,25.69980121,309.797,Cycle_1_charge.csv,24,1.699801214,charge,1,
4.144598787,1.511268983,25.71308661,313.25,Cycle_1_charge.csv,24,1.713086607,charge,1,
4.144992832,1.510120145,25.72503831,316.703,Cycle_1_charge.csv,24,1.725038311,charge,1,
4.145627045,1.511886068,25.7328324,320.157,Cycle_1_charge.csv,24,1.732832401,charge,1,
4.145917393,1.51012506,25.73635495,323.625,Cycle_1_charge.csv,24,1.736354947,charge,1,
4.146744084,1.507504508,25.7436077,327.078,Cycle_1_charge.csv,24,1.743607704,charge,1,
4.147192972,1.510749519,25.7529609,330.563,Cycle_1_charge.csv,24,1.752960904,charge,1,
4.147760147,1.511634434,25.75402373,334.047,Cycle_1_charge.csv,24,1.754023731,charge,1,
4.148296184,1.512116302,25.76659473,337.547,Cycle_1_charge.csv,24,1.766594727,charge,1,
4.149006855,1.511722931,25.7857917,341.063,Cycle_1_charge.csv,24,1.7857917,charge,1,
4.149092336,1.51070668,25.79206827,344.594,Cycle_1_charge.csv,24,1.792068269,charge,1,
4.150210815,1.507890526,25.80660275,348.203,Cycle_1_charge.csv,24,1.806602751,charge,1,
4.150441089,1.513203457,25.80515956,351.735,Cycle_1_charge.csv,24,1.80515956,charge,1,
4.151036026,1.509885649,25.82819809,355.282,Cycle_1_charge.csv,24,1.82819809,charge,1,
4.15173829,1.507921203,25.8409238,358.891,Cycle_1_charge.csv,24,1.840923801,charge,1,
4.152158924,1.513080759,25.84597698,362.485,Cycle_1_charge.csv,24,1.845976984,charge,1,
4.152752886,1.511426918,25.85638704,366.125,Cycle_1_charge.csv,24,1.856387041,charge,1,
4.153682181,1.510387814,25.86857488,369.719,Cycle_1_charge.csv,24,1.868574876,charge,1,
4.154223378,1.51162282,25.86894267,373.36,Cycle_1_charge.csv,24,1.868942673,charge,1,
4.154529112,1.510015412,25.87783913,377,Cycle_1_charge.csv,24,1.877839135,charge,1,
4.154919073,1.510351992,25.89262392,380.641,Cycle_1_charge.csv,24,1.892623922,charge,1,
4.155674204,1.509107673,25.90530348,384.297,Cycle_1_charge.csv,24,1.905303481,charge,1,
4.156093718,1.512389079,25.92101241,387.985,Cycle_1_charge.csv,24,1.921012408,charge,1,
4.156752944,1.509374154,25.92759226,391.688,Cycle_1_charge.csv,24,1.927592257,charge,1,
4.157262757,1.510537464,25.93531244,395.438,Cycle_1_charge.csv,24,1.93531244,charge,1,
4.157908664,1.509946621,25.93686388,399.203,Cycle_1_charge.csv,24,1.936863883,charge,1,
4.158728515,1.511682957,25.95491219,403,Cycle_1_charge.csv,24,1.954912189,charge,1,
4.159144323,1.508037566,25.96957892,406.735,Cycle_1_charge.csv,24,1.969578917,charge,1,
4.159569446,1.511533063,25.97174922,410.5,Cycle_1_charge.csv,24,1.971749217,charge,1,
4.16044238,1.509670699,25.98196664,414.266,Cycle_1_charge.csv,24,1.981966638,charge,1,
4.161218558,1.51221935,25.99108855,418.047,Cycle_1_charge.csv,24,1.991088549,charge,1,
4.161405353,1.509805351,26.00712929,421.844,Cycle_1_charge.csv,24,2.007129294,charge,1,
4.162301331,1.507115284,26.01928557,425.641,Cycle_1_charge.csv,24,2.019285571,charge,1,
4.162529167,1.512831675,26.02904912,429.469,Cycle_1_charge.csv,24,2.029049124,charge,1,
4.163314023,1.509419697,26.0439251,433.282,Cycle_1_charge.csv,24,2.043925103,charge,1,
4.163946724,1.511673817,26.05969508,437.219,Cycle_1_charge.csv,24,2.059695083,charge,1,
4.164394365,1.511787063,26.07322715,441.078,Cycle_1_charge.csv,24,2.073227147,charge,1,
4.165101533,1.511034117,26.08403697,444.938,Cycle_1_charge.csv,24,2.084036973,charge,1,
4.1660154,1.51133439,26.09546362,448.875,Cycle_1_charge.csv,24,2.095463621,charge,1,
4.166136884,1.513831971,26.11121565,452.766,Cycle_1_charge.csv,24,2.111215649,charge,1,
4.167115832,1.510717223,26.1274018,456.75,Cycle_1_charge.csv,24,2.127401795,charge,1,
4.167368914,1.510579203,26.1455504,460.672,Cycle_1_charge.csv,24,2.145550405,charge,1,
4.167813864,1.509939551,26.15139987,464.625,Cycle_1_charge.csv,24,2.151399874,charge,1,
4.168838219,1.51185473,26.16759194,468.563,Cycle_1_charge.csv,24,2.167591942,charge,1,
4.169355569,1.509800833,26.17309287,472.547,Cycle_1_charge.csv,24,2.173092866,charge,1,
4.169937459,1.510251645,26.1849001,476.578,Cycle_1_charge.csv,24,2.184900095,charge,1,
4.170337369,1.512474538,26.19427516,480.547,Cycle_1_charge.csv,24,2.194275165,charge,1,
4.171001939,1.509765698,26.21555529,484.547,Cycle_1_charge.csv,24,2.215555291,charge,1,
4.171613342,1.509360448,26.23529495,488.594,Cycle_1_charge.csv,24,2.235294945,charge,1,
4.172450821,1.510472532,26.25296721,492.657,Cycle_1_charge.csv,24,2.25296721,charge,1,
4.172940946,1.505554683,26.26206609,496.735,Cycle_1_charge.csv,24,2.262066086,charge,1,
4.173599474,1.510945546,26.27429502,500.813,Cycle_1_charge.csv,24,2.274295015,charge,1,
4.174126865,1.512367054,26.28849481,504.907,Cycle_1_charge.csv,24,2.288494808,charge,1,
4.175054975,1.511201422,26.31047223,508.985,Cycle_1_charge.csv,24,2.310472231,charge,1,
4.175383168,1.510815225,26.31323689,513.063,Cycle_1_charge.csv,24,2.31323689,charge,1,
4.176212398,1.512294682,26.33773407,517.172,Cycle_1_charge.csv,24,2.337734067,charge,1,
4.176635184,1.510656904,26.35125938,521.344,Cycle_1_charge.csv,24,2.351259384,charge,1,
4.177431803,1.510738231,26.36897474,525.532,Cycle_1_charge.csv,24,2.368974744,charge,1,
4.177892553,1.511566313,26.38832115,529.766,Cycle_1_charge.csv,24,2.388321149,charge,1,
4.178618421,1.50892196,26.39616915,533.953,Cycle_1_charge.csv,24,2.396169146,charge,1,
4.179192486,1.510521974,26.40524251,538.141,Cycle_1_charge.csv,24,2.405242513,charge,1,
4.179740864,1.510876851,26.42892339,542.391,Cycle_1_charge.csv,24,2.428923386,charge,1,
4.180613067,1.512556726,26.44378602,546.61,Cycle_1_charge.csv,24,2.443786025,charge,1,
4.181377535,1.512055071,26.46142675,550.844,Cycle_1_charge.csv,24,2.461426754,charge,1,
4.181905939,1.510457042,26.4730243,555.125,Cycle_1_charge.csv,24,2.473024305,charge,1,
4.182642916,1.509874016,26.4912272,559.422,Cycle_1_charge.csv,24,2.491227205,charge,1,
4.183287011,1.510655536,26.51109087,563.766,Cycle_1_charge.csv,24,2.511090868,charge,1,
4.183925671,1.507886502,26.52358976,568.11,Cycle_1_charge.csv,24,2.523589757,charge,1,
4.184656786,1.507059603,26.53545112,572.5,Cycle_1_charge.csv,24,2.535451123,charge,1,
4.185448237,1.50916356,26.55661494,576.907,Cycle_1_charge.csv,24,2.556614938,charge,1,
4.185996834,1.511325742,26.58188264,581.344,Cycle_1_charge.csv,24,2.58188264,charge,1,
4.186700366,1.511820341,26.5967676,585.766,Cycle_1_charge.csv,24,2.596767597,charge,1,
4.187752894,1.508499718,26.60524639,590.157,Cycle_1_charge.csv,24,2.605246393,charge,1,
4.188156597,1.511445357,26.6439223,594.547,Cycle_1_charge.csv,24,2.643922302,charge,1,
4.1888185,1.513421296,26.66262036,598.969,Cycle_1_charge.csv,24,2.662620361,charge,1,
4.189688006,1.508143757,26.68490201,603.422,Cycle_1_charge.csv,24,2.684902009,charge,1,
4.190380276,1.507338898,26.69778952,607.907,Cycle_1_charge.csv,24,2.697789516,charge,1,
4.191051804,1.513426621,26.71950154,612.516,Cycle_1_charge.csv,24,2.719501542,charge,1,
4.19181776,1.513415029,26.73750982,617.141,Cycle_1_charge.csv,24,2.737509822,charge,1,
4.192678063,1.508687336,26.75830691,621.641,Cycle_1_charge.csv,24,2.758306912,charge,1,
4.193497045,1.51036141,26.77441527,626.157,Cycle_1_charge.csv,24,2.774415267,charge,1,
4.194676851,1.510870946,26.79272723,630.719,Cycle_1_charge.csv,24,2.792727225,charge,1,
4.195006384,1.50916704,26.80388836,635.266,Cycle_1_charge.csv,24,2.803888364,charge,1,
4.195974363,1.511909101,26.82776132,639.875,Cycle_1_charge.csv,24,2.827761322,charge,1,
4.196807995,1.510434531,26.84997594,644.532,Cycle_1_charge.csv,24,2.849975937,charge,1,
4.197470642,1.5102794,26.86737014,649.188,Cycle_1_charge.csv,24,2.867370143,charge,1,
4.198110775,1.512894221,26.88772937,653.828,Cycle_1_charge.csv,24,2.887729373,charge,1,
4.199219569,1.51124449,26.9129451,658.485,Cycle_1_charge.csv,24,2.912945096,charge,1,
4.199938209,1.512487837,26.93193093,663.172,Cycle_1_charge.csv,24,2.931930926,charge,1,
4.20061892,1.51039059,26.95478887,667.891,Cycle_1_charge.csv,24,2.954788873,charge,1,
4.201337277,1.508606103,26.96809084,673,Cycle_1_charge.csv,24,2.968090839,charge,1,
4.202128587,1.509216049,26.98783524,677.891,Cycle_1_charge.csv,24,2.987835243,charge,1,
4.203111947,1.507532963,27.02208269,682.75,Cycle_1_charge.csv,24,3.022082687,charge,1,
4.203634962,1.505976606,27.04229716,687.672,Cycle_1_charge.csv,24,3.042297159,charge,1,
4.204277558,1.500668279,27.05371156,692.547,Cycle_1_charge.csv,24,3.053711555,charge,1,
4.204868476,1.50021505,27.06849637,697.5,Cycle_1_charge.csv,24,3.068496369,charge,1,
4.205494337,1.497981914,27.09228114,702.5,Cycle_1_charge.csv,24,3.092281141,charge,1,
4.207374073,1.506049105,27.10640405,707.422,Cycle_1_charge.csv,24,3.10640405,charge,1,
4.207509225,1.496159052,27.12268538,712.453,Cycle_1_charge.csv,24,3.12268538,charge,1,
4.207279119,1.483595043,27.14018103,717.516,Cycle_1_charge.csv,24,3.140181031,charge,1,
4.206846739,1.474171014,27.16948792,722.907,Cycle_1_charge.csv,24,3.169487925,charge,1,
4.206933079,1.463657839,27.18203027,728.078,Cycle_1_charge.csv,24,3.182030266,charge,1,
4.206871033,1.449401848,27.19497759,733.297,Cycle_1_charge.csv,24,3.194977587,charge,1,
4.206263323,1.439316428,27.22555989,738.516,Cycle_1_charge.csv,24,3.225559885,charge,1,
4.207244878,1.438497685,27.2380291,744.141,Cycle_1_charge.csv,24,3.238029096,charge,1,
4.20709273,1.426027179,27.25166093,749.532,Cycle_1_charge.csv,24,3.251660926,charge,1,
4.206553827,1.417110329,27.2678827,754.907,Cycle_1_charge.csv,24,3.267882699,charge,1,
4.206056647,1.405524166,27.28099511,760.344,Cycle_1_charge.csv,24,3.280995105,charge,1,
4.206860547,1.405578076,27.29220414,765.75,Cycle_1_charge.csv,24,3.292204143,charge,1,
4.20652358,1.389772403,27.30241183,771.282,Cycle_1_charge.csv,24,3.302411833,charge,1,
4.206420413,1.380013118,27.31949605,777.203,Cycle_1_charge.csv,24,3.319496054,charge,1,
4.206997847,1.380915349,27.33683078,782.891,Cycle_1_charge.csv,24,3.336830781,charge,1,
4.206840088,1.370005076,27.33871224,788.547,Cycle_1_charge.csv,24,3.338712237,charge,1,
4.206455068,1.356857322,27.3541071,794.235,Cycle_1_charge.csv,24,3.354107105,charge,1,
4.207056414,1.357123551,27.36377233,799.907,Cycle_1_charge.csv,24,3.36377233,charge,1,
4.207079806,1.346268408,27.37361874,805.594,Cycle_1_charge.csv,24,3.373618743,charge,1,
4.206451208,1.33577554,27.38288728,811.344,Cycle_1_charge.csv,24,3.382887277,charge,1,
4.207088631,1.335635254,27.39265215,817.063,Cycle_1_charge.csv,24,3.392652155,charge,1,
4.207053432,1.320489004,27.40751882,822.844,Cycle_1_charge.csv,24,3.407518823,charge,1,
4.206958658,1.307257302,27.40975286,828.61,Cycle_1_charge.csv,24,3.409752859,charge,1,
4.206549051,1.299202932,27.41587763,834.469,Cycle_1_charge.csv,24,3.415877631,charge,1,
4.20709909,1.298662004,27.42455162,840.282,Cycle_1_charge.csv,24,3.424551622,charge,1,
4.20685411,1.291001517,27.42900578,846.188,Cycle_1_charge.csv,24,3.429005781,charge,1,
4.207511104,1.286878253,27.43492757,851.985,Cycle_1_charge.csv,24,3.434927566,charge,1,
4.208265397,1.284211552,27.43718997,857.938,Cycle_1_charge.csv,24,3.437189974,charge,1,
4.208185519,1.274803256,27.44261845,863.797,Cycle_1_charge.csv,24,3.442618453,charge,1,
4.207903269,1.262012749,27.44513403,869.766,Cycle_1_charge.csv,24,3.445134032,charge,1,
4.207493801,1.252235884,27.44267988,875.766,Cycle_1_charge.csv,24,3.442679882,charge,1,
4.207374126,1.241516711,27.44205574,881.766,Cycle_1_charge.csv,24,3.442055735,charge,1,
4.206955053,1.228830297,27.44062473,887.782,Cycle_1_charge.csv,24,3.440624729,charge,1,
4.207787025,1.226704093,27.44389356,893.782,Cycle_1_charge.csv,24,3.443893558,charge,1,
4.207250705,1.218147936,27.43793704,899.797,Cycle_1_charge.csv,24,3.437937041,charge,1,
4.207258327,1.201847297,27.43880218,905.844,Cycle_1_charge.csv,24,3.438802182,charge,1,
4.207821534,1.201777925,27.43529553,912,Cycle_1_charge.csv,24,3.435295527,charge,1,
4.207654026,1.193520093,27.44023436,918.172,Cycle_1_charge.csv,24,3.440234361,charge,1,
4.207466474,1.178448377,27.42787507,924.297,Cycle_1_charge.csv,24,3.427875068,charge,1,
4.208235315,1.180244058,27.42657905,930.453,Cycle_1_charge.csv,24,3.426579051,charge,1,
4.207828935,1.16749988,27.41597868,936.61,Cycle_1_charge.csv,24,3.41597868,charge,1,
4.207631358,1.161358013,27.40745604,942.86,Cycle_1_charge.csv,24,3.407456044,charge,1,
4.207094311,1.147918694,27.39670367,949.032,Cycle_1_charge.csv,24,3.396703672,charge,1,
4.207550044,1.145672699,27.38406307,955.297,Cycle_1_charge.csv,24,3.384063069,charge,1,
4.207308122,1.134095423,27.3885482,961.594,Cycle_1_charge.csv,24,3.388548198,charge,1,
4.207088336,1.124492937,27.37581452,967.922,Cycle_1_charge.csv,24,3.375814523,charge,1,
4.207665671,1.124283838,27.36915044,974.203,Cycle_1_charge.csv,24,3.369150442,charge,1,
4.207134499,1.111123927,27.35545452,980.5,Cycle_1_charge.csv,24,3.355454516,charge,1,
4.20798815,1.111952983,27.35044885,986.813,Cycle_1_charge.csv,24,3.350448845,charge,1,
4.207865099,1.097702008,27.33882382,993.188,Cycle_1_charge.csv,24,3.338823825,charge,1,
4.207640966,1.091210547,27.32804721,999.641,Cycle_1_charge.csv,24,3.328047215,charge,1,
4.207319242,1.076344677,27.31760875,1006.094,Cycle_1_charge.csv,24,3.31760875,charge,1,
4.20764563,1.07656034,27.30876227,1012.547,Cycle_1_charge.csv,24,3.308762273,charge,1,
4.207494501,1.067625703,27.29277599,1019,Cycle_1_charge.csv,24,3.292775985,charge,1,
4.207785811,1.064595468,27.28029313,1025.516,Cycle_1_charge.csv,24,3.28029313,charge,1,
4.207396758,1.053819837,27.27320377,1032,Cycle_1_charge.csv,24,3.27320377,charge,1,
4.208211892,1.052827458,27.25964751,1038.594,Cycle_1_charge.csv,24,3.259647508,charge,1,
4.208711009,1.052776202,27.24963444,1045.188,Cycle_1_charge.csv,24,3.249634442,charge,1,
4.208506634,1.040323517,27.23021493,1051.797,Cycle_1_charge.csv,24,3.230214935,charge,1,
4.208038791,1.031644362,27.20842843,1058.438,Cycle_1_charge.csv,24,3.208428429,charge,1,
4.208866921,1.028568111,27.20112068,1065.078,Cycle_1_charge.csv,24,3.201120677,charge,1,
4.208441468,1.018095629,27.17062002,1071.782,Cycle_1_charge.csv,24,3.17062002,charge,1,
4.207855857,1.00909216,27.15562528,1078.453,Cycle_1_charge.csv,24,3.155625277,charge,1,
4.207627264,0.995384622,27.13819451,1085.125,Cycle_1_charge.csv,24,3.138194514,charge,1,
4.20805273,0.99539185,27.12870475,1091.813,Cycle_1_charge.csv,24,3.128704754,charge,1,
4.208426009,0.993779844,27.11777111,1098.532,Cycle_1_charge.csv,24,3.117771114,charge,1,
4.209003983,0.991555152,27.0943972,1105.282,Cycle_1_charge.csv,24,3.094397201,charge,1,
4.208640133,0.982958478,27.07884089,1112.157,Cycle_1_charge.csv,24,3.078840888,charge,1,
4.208019202,0.971776696,27.06246893,1119.032,Cycle_1_charge.csv,24,3.062468926,charge,1,
4.208756753,0.972408185,27.0425666,1125.844,Cycle_1_charge.csv,24,3.042566604,charge,1,
4.208369584,0.959235207,27.03490591,1132.688,Cycle_1_charge.csv,24,3.034905914,charge,1,
4.207677455,0.948276675,27.00470493,1139.657,Cycle_1_charge.csv,24,3.004704934,charge,1,
4.208349209,0.94792683,26.99578008,1146.594,Cycle_1_charge.csv,24,2.995780075,charge,1,
4.20897528,0.948272637,26.98523863,1153.469,Cycle_1_charge.csv,24,2.985238634,charge,1,
4.208569664,0.939604892,26.96369895,1160.516,Cycle_1_charge.csv,24,2.963698948,charge,1,
4.20788715,0.924715472,26.94569593,1167.578,Cycle_1_charge.csv,24,2.945695929,charge,1,
4.208282639,0.925471416,26.92177719,1174.594,Cycle_1_charge.csv,24,2.921777189,charge,1,
4.208658576,0.924335118,26.8974269,1181.61,Cycle_1_charge.csv,24,2.897426903,charge,1,
4.208208692,0.912821947,26.88327298,1188.688,Cycle_1_charge.csv,24,2.883272984,charge,1,
4.208698074,0.910708284,26.8663457,1195.75,Cycle_1_charge.csv,24,2.8663457,charge,1,
4.208526126,0.901020098,26.85116657,1202.938,Cycle_1_charge.csv,24,2.851166575,charge,1,
4.20862035,0.90022261,26.83869297,1210.094,Cycle_1_charge.csv,24,2.838692965,charge,1,
4.20835054,0.890647624,26.81599845,1217.297,Cycle_1_charge.csv,24,2.815998446,charge,1,
4.208856654,0.886584613,26.79975093,1224.532,Cycle_1_charge.csv,24,2.799750931,charge,1,
4.208326823,0.879580992,26.78235829,1231.719,Cycle_1_charge.csv,24,2.782358288,charge,1,
4.208606203,0.876987081,26.77391821,1239.016,Cycle_1_charge.csv,24,2.773918213,charge,1,
4.208181471,0.865326848,26.75215617,1246.328,Cycle_1_charge.csv,24,2.75215617,charge,1,
4.20857017,0.866684925,26.73882551,1253.641,Cycle_1_charge.csv,24,2.738825511,charge,1,
4.208346623,0.854809376,26.71372863,1261.016,Cycle_1_charge.csv,24,2.71372863,charge,1,
4.20858803,0.852756622,26.69177106,1268.407,Cycle_1_charge.csv,24,2.691771057,charge,1,
4.208168896,0.843897498,26.67996319,1275.797,Cycle_1_charge.csv,24,2.67996319,charge,1,
4.208558574,0.845605129,26.65272092,1283.219,Cycle_1_charge.csv,24,2.652720922,charge,1,
4.208117594,0.832810463,26.64783382,1290.641,Cycle_1_charge.csv,24,2.64783382,charge,1,
4.208370867,0.828367682,26.637821,1298.157,Cycle_1_charge.csv,24,2.637820996,charge,1,
4.209039114,0.827249546,26.6224976,1305.703,Cycle_1_charge.csv,24,2.622497598,charge,1,
4.208491416,0.817550596,26.60929065,1313.203,Cycle_1_charge.csv,24,2.609290655,charge,1,
4.208677404,0.817833677,26.58885638,1320.797,Cycle_1_charge.csv,24,2.588856383,charge,1,
4.209499636,0.818331643,26.57074739,1328.297,Cycle_1_charge.csv,24,2.570747387,charge,1,
4.20964008,0.81386485,26.55043047,1335.938,Cycle_1_charge.csv,24,2.550430466,charge,1,
4.208679757,0.79665988,26.53858815,1343.578,Cycle_1_charge.csv,24,2.53858815,charge,1,
4.208884909,0.795201875,26.51604801,1351.25,Cycle_1_charge.csv,24,2.516048011,charge,1,
4.209308704,0.791373609,26.51353003,1358.907,Cycle_1_charge.csv,24,2.513530033,charge,1,
4.209772009,0.792810045,26.49727216,1366.61,Cycle_1_charge.csv,24,2.497272162,charge,1,
4.209177125,0.783686828,26.48060459,1374.422,Cycle_1_charge.csv,24,2.480604591,charge,1,
4.208495495,0.770802483,26.46792205,1382.203,Cycle_1_charge.csv,24,2.467922047,charge,1,
4.208869433,0.773038215,26.4464976,1389.969,Cycle_1_charge.csv,24,2.446497599,charge,1,
4.209619128,0.771615359,26.4370975,1397.719,Cycle_1_charge.csv,24,2.4370975,charge,1,
4.209056232,0.759165996,26.42485675,1405.657,Cycle_1_charge.csv,24,2.424856747,charge,1,
4.207674284,0.742046222,26.41429084,1413.547,Cycle_1_charge.csv,24,2.414290838,charge,1,
4.207796636,0.740237923,26.40069404,1421.485,Cycle_1_charge.csv,24,2.400694039,charge,1,
4.208021699,0.738624357,26.38384083,1429.375,Cycle_1_charge.csv,24,2.383840835,charge,1,
4.208485577,0.73981826,26.37225384,1437.203,Cycle_1_charge.csv,24,2.372253844,charge,1,
4.20888259,0.736531543,26.35375447,1445.188,Cycle_1_charge.csv,24,2.353754471,charge,1,
4.209292574,0.73858666,26.34264564,1453.094,Cycle_1_charge.csv,24,2.342645645,charge,1,
4.209781394,0.736749232,26.32825193,1461.141,Cycle_1_charge.csv,24,2.328251926,charge,1,
4.209581689,0.72676314,26.32168552,1469.25,Cycle_1_charge.csv,24,2.321685524,charge,1,
4.209100174,0.716598687,26.30603544,1477.344,Cycle_1_charge.csv,24,2.306035437,charge,1,
4.209383878,0.714588385,26.29506067,1485.422,Cycle_1_charge.csv,24,2.295060673,charge,1,
4.208114946,0.693248287,26.28999918,1493.625,Cycle_1_charge.csv,24,2.289999175,charge,1,
4.20823452,0.694530007,26.26637407,1501.782,Cycle_1_charge.csv,24,2.266374072,charge,1,
4.208509321,0.692818813,26.24187358,1509.922,Cycle_1_charge.csv,24,2.241873577,charge,1,
4.208808896,0.691973133,26.23250947,1518.032,Cycle_1_charge.csv,24,2.232509466,charge,1,
4.209346439,0.692037211,26.21762434,1526.219,Cycle_1_charge.csv,24,2.217624344,charge,1,
4.2099487,0.691475823,26.20693812,1534.328,Cycle_1_charge.csv,24,2.20693812,charge,1,
4.209107189,0.679575091,26.2002834,1542.547,Cycle_1_charge.csv,24,2.200283404,charge,1,
4.209690461,0.679007892,26.17923946,1550.813,Cycle_1_charge.csv,24,2.179239459,charge,1,
4.208247298,0.659871664,26.1737993,1559.078,Cycle_1_charge.csv,24,2.173799297,charge,1,
4.208570722,0.65640163,26.16696485,1567.391,Cycle_1_charge.csv,24,2.166964847,charge,1,
4.207770024,0.64306689,26.14517848,1575.782,Cycle_1_charge.csv,24,2.145178483,charge,1,
4.207989432,0.644711551,26.13759535,1584.157,Cycle_1_charge.csv,24,2.137595345,charge,1,
4.208588528,0.648054107,26.12115798,1592.532,Cycle_1_charge.csv,24,2.121157976,charge,1,
4.207980493,0.632867638,26.11306214,1601.016,Cycle_1_charge.csv,24,2.113062137,charge,1,
4.208157575,0.63266101,26.09733834,1609.344,Cycle_1_charge.csv,24,2.097338337,charge,1,
4.207932744,0.623557221,26.08076825,1617.594,Cycle_1_charge.csv,24,2.080768251,charge,1,
4.207192125,0.613362518,26.07653055,1625.938,Cycle_1_charge.csv,24,2.076530555,charge,1,
4.206594413,0.603936634,26.05685909,1634.313,Cycle_1_charge.csv,24,2.056859086,charge,1,
4.207032211,0.603466822,26.04776968,1642.625,Cycle_1_charge.csv,24,2.047769683,charge,1,
4.207056087,0.601564233,26.03472016,1651,Cycle_1_charge.csv,24,2.034720164,charge,1,
4.207350581,0.600745153,26.02170275,1659.532,Cycle_1_charge.csv,24,2.02170275,charge,1,
4.206894671,0.588899142,26.00534797,1667.953,Cycle_1_charge.csv,24,2.005347972,charge,1,
4.206255092,0.581286297,25.99989979,1676.438,Cycle_1_charge.csv,24,1.999899788,charge,1,
4.205467809,0.570476413,25.99162461,1684.922,Cycle_1_charge.csv,24,1.991624613,charge,1,
4.204826289,0.56047576,25.97772806,1693.532,Cycle_1_charge.csv,24,1.977728057,charge,1,
4.204112381,0.550712972,25.96802973,1702.078,Cycle_1_charge.csv,24,1.968029726,charge,1,
4.204091218,0.551089626,25.96429913,1710.688,Cycle_1_charge.csv,24,1.964299135,charge,1,
4.204384228,0.548613944,25.94972534,1719.282,Cycle_1_charge.csv,24,1.949725345,charge,1,
4.204511393,0.549182676,25.93571481,1727.922,Cycle_1_charge.csv,24,1.935714812,charge,1,
4.205666675,0.558695503,25.92403828,1736.641,Cycle_1_charge.csv,24,1.924038276,charge,1,
4.205227048,0.54813413,25.90846732,1745.391,Cycle_1_charge.csv,24,1.908467317,charge,1,
4.2046359,0.538209542,25.90428028,1754.125,Cycle_1_charge.csv,24,1.904280285,charge,1,
4.203864052,0.526510623,25.8859462,1762.953,Cycle_1_charge.csv,24,1.885946197,charge,1,
4.204037962,0.529841085,25.87792481,1771.688,Cycle_1_charge.csv,24,1.87792481,charge,1,
4.204351357,0.525321853,25.85541446,1780.563,Cycle_1_charge.csv,24,1.855414463,charge,1,
4.204655827,0.525044106,25.86045277,1789.344,Cycle_1_charge.csv,24,1.860452771,charge,1,
4.204912549,0.524218868,25.84542466,1798.235,Cycle_1_charge.csv,24,1.845424657,charge,1,
4.205317483,0.523812457,25.82877033,1807.172,Cycle_1_charge.csv,24,1.828770328,charge,1,
4.205387125,0.526991354,25.81176316,1815.828,Cycle_1_charge.csv,24,1.811763165,charge,1,
4.206068967,0.523034546,25.80625812,1824.485,Cycle_1_charge.csv,24,1.806258125,charge,1,
4.205417669,0.511690363,25.78689849,1833.313,Cycle_1_charge.csv,24,1.786898486,charge,1,
4.204675395,0.502006781,25.77093218,1842.11,Cycle_1_charge.csv,24,1.770932179,charge,1,
4.205119442,0.502065979,25.76772027,1850.953,Cycle_1_charge.csv,24,1.767720267,charge,1,
4.205191956,0.500692358,25.75859334,1859.719,Cycle_1_charge.csv,24,1.758593338,charge,1,
4.20542041,0.49833893,25.75147832,1868.625,Cycle_1_charge.csv,24,1.751478316,charge,1,
4.206070769,0.503025086,25.73528212,1877.547,Cycle_1_charge.csv,24,1.735282124,charge,1,
4.205025239,0.489960914,25.72729819,1886.516,Cycle_1_charge.csv,24,1.727298192,charge,1,
4.204599279,0.480903548,25.71038834,1895.485,Cycle_1_charge.csv,24,1.710388337,charge,1,
4.20383054,0.469857522,25.69822465,1904.5,Cycle_1_charge.csv,24,1.698224652,charge,1,
4.20396728,0.470911513,25.68445088,1913.578,Cycle_1_charge.csv,24,1.684450879,charge,1,
4.204208657,0.466496007,25.67603344,1922.688,Cycle_1_charge.csv,24,1.676033439,charge,1,
4.20470227,0.468782513,25.66851432,1931.813,Cycle_1_charge.csv,24,1.668514325,charge,1,
4.204745915,0.467547577,25.65906846,1940.969,Cycle_1_charge.csv,24,1.659068461,charge,1,
4.20509449,0.47107909,25.64343821,1950.172,Cycle_1_charge.csv,24,1.643438208,charge,1,
4.205447558,0.467953051,25.62782566,1959.344,Cycle_1_charge.csv,24,1.627825664,charge,1,
4.205564799,0.469675174,25.61991462,1968.547,Cycle_1_charge.csv,24,1.619914621,charge,1,
4.204973042,0.455706304,25.61678047,1977.828,Cycle_1_charge.csv,24,1.616780469,charge,1,
4.204423181,0.444160346,25.59791889,1987.11,Cycle_1_charge.csv,24,1.597918888,charge,1,
4.204667497,0.443923042,25.58248452,1996.407,Cycle_1_charge.csv,24,1.582484521,charge,1,
4.20487295,0.44187306,25.57955357,2005.797,Cycle_1_charge.csv,24,1.579553571,charge,1,
4.205111264,0.443702657,25.57195664,2014.516,Cycle_1_charge.csv,24,1.571956635,charge,1,
4.205233284,0.442610706,25.56181401,2023.266,Cycle_1_charge.csv,24,1.561814005,charge,1,
4.205580818,0.44263504,25.55279473,2032.11,Cycle_1_charge.csv,24,1.552794728,charge,1,
4.204941721,0.43400407,25.54756154,2040.985,Cycle_1_charge.csv,24,1.547561536,charge,1,
4.204314834,0.420340857,25.52249182,2049.813,Cycle_1_charge.csv,24,1.522491822,charge,1,
4.204426538,0.424043293,25.52034777,2058.703,Cycle_1_charge.csv,24,1.520347769,charge,1,
4.204666003,0.423353513,25.50729163,2067.641,Cycle_1_charge.csv,24,1.507291635,charge,1,
4.204772924,0.422211284,25.50277708,2076.532,Cycle_1_charge.csv,24,1.50277708,charge,1,
4.20502581,0.424976461,25.49233084,2085.469,Cycle_1_charge.csv,24,1.492330845,charge,1,
4.205189394,0.420335719,25.48547075,2094.469,Cycle_1_charge.csv,24,1.485470752,charge,1,
4.205632565,0.422307271,25.47792821,2103.563,Cycle_1_charge.csv,24,1.47792821,charge,1,
4.204867049,0.410257686,25.46435084,2112.641,Cycle_1_charge.csv,24,1.464350844,charge,1,
4.205244948,0.406320476,25.45554399,2121.766,Cycle_1_charge.csv,24,1.455543988,charge,1,
4.205441279,0.409485334,25.4456621,2130.828,Cycle_1_charge.csv,24,1.445662097,charge,1,
4.205822103,0.409839566,25.43403833,2139.985,Cycle_1_charge.csv,24,1.434038332,charge,1,
4.205012652,0.396085288,25.42808272,2149.235,Cycle_1_charge.csv,24,1.428082725,charge,1,
4.205056754,0.395272863,25.41385678,2158.5,Cycle_1_charge.csv,24,1.413856783,charge,1,
4.205254837,0.394764747,25.41117658,2167.797,Cycle_1_charge.csv,24,1.411176576,charge,1,
4.205472549,0.395631656,25.39911951,2177.047,Cycle_1_charge.csv,24,1.399119514,charge,1,
4.205981775,0.395957094,25.388857,2186.344,Cycle_1_charge.csv,24,1.388856998,charge,1,
4.205220553,0.387115038,25.37954263,2195.782,Cycle_1_charge.csv,24,1.379542626,charge,1,
4.205709986,0.383583422,25.37341904,2205.141,Cycle_1_charge.csv,24,1.37341904,charge,1,
4.204835844,0.374843478,25.36280261,2214.625,Cycle_1_charge.csv,24,1.362802612,charge,1,
4.205034484,0.377355942,25.35704086,2224.032,Cycle_1_charge.csv,24,1.357040855,charge,1,
4.205332708,0.3735642,25.3466571,2233.516,Cycle_1_charge.csv,24,1.346657101,charge,1,
4.205359436,0.377143359,25.33148337,2243.047,Cycle_1_charge.csv,24,1.331483366,charge,1,
4.205245245,0.373078603,25.31922083,2252.532,Cycle_1_charge.csv,24,1.31922083,charge,1,
4.205796351,0.372073116,25.32246326,2262.094,Cycle_1_charge.csv,24,1.322463257,charge,1,
4.205289067,0.363081576,25.3038899,2271.797,Cycle_1_charge.csv,24,1.303889896,charge,1,
4.205346996,0.360144403,25.29779739,2281.453,Cycle_1_charge.csv,24,1.297797392,charge,1,
4.205557909,0.35840564,25.29499215,2291.11,Cycle_1_charge.csv,24,1.294992146,charge,1,
4.204827266,0.350288214,25.28746097,2300.844,Cycle_1_charge.csv,24,1.287460968,charge,1,
4.20500731,0.350424868,25.27827164,2310.563,Cycle_1_charge.csv,24,1.27827164,charge,1,
4.205406622,0.352454171,25.26210868,2320.375,Cycle_1_charge.csv,24,1.262108676,charge,1,
4.205456811,0.349249853,25.25487155,2330.11,Cycle_1_charge.csv,24,1.254871552,charge,1,
4.205533328,0.349630343,25.24943644,2340,Cycle_1_charge.csv,24,1.249436437,charge,1,
4.205867582,0.350441513,25.23453259,2349.844,Cycle_1_charge.csv,24,1.234532588,charge,1,
4.205078287,0.340337069,25.2200788,2359.766,Cycle_1_charge.csv,24,1.220078804,charge,1,
4.205431109,0.33705061,25.21927823,2369.672,Cycle_1_charge.csv,24,1.21927823,charge,1,
4.20571011,0.341589275,25.20595173,2379.688,Cycle_1_charge.csv,24,1.205951725,charge,1,
4.204692487,0.328330993,25.20176308,2389.735,Cycle_1_charge.csv,24,1.201763079,charge,1,
4.204947273,0.328376067,25.19431263,2399.813,Cycle_1_charge.csv,24,1.19431263,charge,1,
4.205346531,0.330970073,25.18753654,2409.875,Cycle_1_charge.csv,24,1.187536543,charge,1,
4.205125747,0.324949447,25.18423828,2420.016,Cycle_1_charge.csv,24,1.184238275,charge,1,
4.205710441,0.328956077,25.1751735,2430.157,Cycle_1_charge.csv,24,1.175173496,charge,1,
4.20501873,0.316892201,25.15869951,2440.375,Cycle_1_charge.csv,24,1.15869951,charge,1,
4.205106112,0.317253326,25.14660494,2450.563,Cycle_1_charge.csv,24,1.146604938,charge,1,
4.205317141,0.315349322,25.1405735,2460.844,Cycle_1_charge.csv,24,1.140573501,charge,1,
4.205424843,0.316747247,25.12582568,2471.125,Cycle_1_charge.csv,24,1.125825678,charge,1,
4.2056548,0.313419328,25.11532215,2481.407,Cycle_1_charge.csv,24,1.115322149,charge,1,
4.204864236,0.307443308,25.10392658,2491.828,Cycle_1_charge.csv,24,1.103926579,charge,1,
4.20500811,0.303125524,25.10085685,2502.157,Cycle_1_charge.csv,24,1.100856851,charge,1,
4.205184645,0.306354147,25.08888058,2512.016,Cycle_1_charge.csv,24,1.088880575,charge,1,
4.205359463,0.304347847,25.0873184,2521.938,Cycle_1_charge.csv,24,1.087318398,charge,1,
4.205683913,0.302146699,25.07738214,2531.86,Cycle_1_charge.csv,24,1.077382142,charge,1,
4.204826074,0.2941381,25.06391957,2541.782,Cycle_1_charge.csv,24,1.063919573,charge,1,
4.204982896,0.29396338,25.06094722,2551.688,Cycle_1_charge.csv,24,1.060947223,charge,1,
4.205039847,0.291325736,25.05872324,2561.735,Cycle_1_charge.csv,24,1.058723242,charge,1,
4.20512296,0.29286658,25.05052352,2571.75,Cycle_1_charge.csv,24,1.050523516,charge,1,
4.205428889,0.287482302,25.05263118,2581.828,Cycle_1_charge.csv,24,1.052631177,charge,1,
4.205670778,0.293265128,25.03209638,2591.875,Cycle_1_charge.csv,24,1.032096377,charge,1,
4.20571921,0.292057427,25.02916955,2602.016,Cycle_1_charge.csv,24,1.029169552,charge,1,
4.206263297,0.291945064,25.02932713,2612.219,Cycle_1_charge.csv,24,1.029327134,charge,1,
4.20630549,0.292087152,25.0144219,2622.422,Cycle_1_charge.csv,24,1.014421904,charge,1,
4.206498454,0.28900752,25.00681768,2632.672,Cycle_1_charge.csv,24,1.006817685,charge,1,
4.206574979,0.288392857,24.9990068,2642.938,Cycle_1_charge.csv,24,0.999006802,charge,1,
4.206085251,0.28021066,24.98988804,2653.282,Cycle_1_charge.csv,24,0.989888035,charge,1,
4.205377602,0.267342541,24.98884446,2663.672,Cycle_1_charge.csv,24,0.988844464,charge,1,
4.205352316,0.268812519,24.97543495,2674.016,Cycle_1_charge.csv,24,0.975434953,charge,1,
4.205594543,0.270927002,24.97774193,2684.438,Cycle_1_charge.csv,24,0.977741933,charge,1,
4.205265365,0.2681296,24.96679496,2694.813,Cycle_1_charge.csv,24,0.966794964,charge,1,
4.205570655,0.267871876,24.96095294,2705.328,Cycle_1_charge.csv,24,0.96095294,charge,1,
4.205970349,0.265865492,24.95168414,2715.828,Cycle_1_charge.csv,24,0.951684136,charge,1,
4.205938479,0.266033686,24.95424967,2726.375,Cycle_1_charge.csv,24,0.954249673,charge,1,
4.206233603,0.267783115,24.94490376,2736.969,Cycle_1_charge.csv,24,0.944903758,charge,1,
4.206316041,0.265251723,24.93741821,2747.703,Cycle_1_charge.csv,24,0.937418205,charge,1,
4.20651786,0.264668554,24.93852729,2758.391,Cycle_1_charge.csv,24,0.938527294,charge,1,
4.206741691,0.265467817,24.92760742,2769.078,Cycle_1_charge.csv,24,0.927607417,charge,1,
4.20621729,0.252068981,24.92195918,2779.875,Cycle_1_charge.csv,24,0.921959176,charge,1,
4.205522549,0.245603864,24.90400032,2790.657,Cycle_1_charge.csv,24,0.904000321,charge,1,
4.205453768,0.244891116,24.9017583,2801.344,Cycle_1_charge.csv,24,0.901758297,charge,1,
4.205726794,0.246694756,24.89376792,2812.172,Cycle_1_charge.csv,24,0.893767921,charge,1,
4.205529812,0.249097171,24.8923774,2823,Cycle_1_charge.csv,24,0.892377395,charge,1,
4.20594675,0.243824099,24.88197607,2833.891,Cycle_1_charge.csv,24,0.881976068,charge,1,
4.205874586,0.243643505,24.8708649,2844.891,Cycle_1_charge.csv,24,0.870864896,charge,1,
4.206169719,0.2440173,24.86896309,2855.86,Cycle_1_charge.csv,24,0.868963086,charge,1,
4.20631147,0.245958328,24.86874484,2866.875,Cycle_1_charge.csv,24,0.868744837,charge,1,
4.206553166,0.242575971,24.85150807,2877.875,Cycle_1_charge.csv,24,0.851508074,charge,1,
4.205680909,0.234029618,24.84347372,2888.969,Cycle_1_charge.csv,24,0.843473718,charge,1,
4.205851627,0.234142149,24.84443947,2900.094,Cycle_1_charge.csv,24,0.844439469,charge,1,
4.206058121,0.232482467,24.83615924,2911.235,Cycle_1_charge.csv,24,0.836159235,charge,1,
4.206050241,0.231957359,24.8209736,2922.407,Cycle_1_charge.csv,24,0.820973605,charge,1,
4.206468438,0.233311888,24.81909315,2933.61,Cycle_1_charge.csv,24,0.819093151,charge,1,
4.206427322,0.231642239,24.81821643,2944.891,Cycle_1_charge.csv,24,0.818216432,charge,1,
4.206642428,0.232107625,24.80717005,2956.188,Cycle_1_charge.csv,24,0.807170047,charge,1,
4.205816692,0.220901544,24.79757679,2967.5,Cycle_1_charge.csv,24,0.797576788,charge,1,
4.204937242,0.211097803,24.80251326,2978.891,Cycle_1_charge.csv,24,0.802513257,charge,1,
4.205144089,0.211909551,24.78669893,2990.344,Cycle_1_charge.csv,24,0.786698931,charge,1,
4.205063948,0.20870146,24.77419168,3001.828,Cycle_1_charge.csv,24,0.774191676,charge,1,
4.205318387,0.210570453,24.77449396,3012.719,Cycle_1_charge.csv,24,0.774493956,charge,1,
4.20528678,0.213573955,24.77820827,3023.625,Cycle_1_charge.csv,24,0.778208275,charge,1,
4.205505987,0.210461983,24.76226123,3034.547,Cycle_1_charge.csv,24,0.762261233,charge,1,
4.205443793,0.211914384,24.76872244,3045.594,Cycle_1_charge.csv,24,0.768722445,charge,1,
4.205495475,0.210094522,24.76203273,3056.578,Cycle_1_charge.csv,24,0.762032734,charge,1,
4.205886226,0.210458791,24.75336437,3067.657,Cycle_1_charge.csv,24,0.753364369,charge,1,
4.205883124,0.210460774,24.74929825,3078.766,Cycle_1_charge.csv,24,0.749298251,charge,1,
4.206333246,0.208974915,24.73347036,3089.922,Cycle_1_charge.csv,24,0.733470355,charge,1,
4.206258084,0.208752858,24.73507549,3101.125,Cycle_1_charge.csv,24,0.735075492,charge,1,
4.206152284,0.208143284,24.73303982,3112.344,Cycle_1_charge.csv,24,0.733039823,charge,1,
4.206317885,0.209376298,24.72271775,3123.625,Cycle_1_charge.csv,24,0.722717755,charge,1,
4.206291678,0.210892705,24.71658425,3134.922,Cycle_1_charge.csv,24,0.716584249,charge,1,
4.206691522,0.209682539,24.70474917,3146.282,Cycle_1_charge.csv,24,0.704749167,charge,1,
4.206194941,0.194842184,24.7056472,3157.578,Cycle_1_charge.csv,24,0.705647205,charge,1,
4.20523422,0.189591023,24.70494257,3168.985,Cycle_1_charge.csv,24,0.704942566,charge,1,
4.205285997,0.188772054,24.69120505,3180.438,Cycle_1_charge.csv,24,0.691205047,charge,1,
4.20565609,0.187837347,24.69181166,3191.938,Cycle_1_charge.csv,24,0.691811658,charge,1,
4.205504365,0.184690719,24.69440158,3203.438,Cycle_1_charge.csv,24,0.694401578,charge,1,
4.205538187,0.183303744,24.67593958,3215.016,Cycle_1_charge.csv,24,0.675939578,charge,1,
4.205746211,0.186799242,24.67893789,3226.516,Cycle_1_charge.csv,24,0.678937894,charge,1,
4.205608014,0.187582974,24.67602626,3238.188,Cycle_1_charge.csv,24,0.676026257,charge,1,
4.205763059,0.184152676,24.66501451,3249.797,Cycle_1_charge.csv,24,0.66501451,charge,1,
4.205898275,0.185582753,24.64621623,3261.453,Cycle_1_charge.csv,24,0.646216226,charge,1,
4.206659704,0.18685804,24.6533228,3273.157,Cycle_1_charge.csv,24,0.653322802,charge,1,
4.2054243,0.175655463,24.64762973,3284.969,Cycle_1_charge.csv,24,0.647629734,charge,1,
4.205228138,0.175223056,24.64264377,3296.797,Cycle_1_charge.csv,24,0.642643768,charge,1,
4.205567497,0.174888245,24.64170053,3308.657,Cycle_1_charge.csv,24,0.641700528,charge,1,
4.205449264,0.174924582,24.6377204,3320.532,Cycle_1_charge.csv,24,0.637720396,charge,1,
4.205597287,0.173183503,24.63373654,3332.36,Cycle_1_charge.csv,24,0.633736539,charge,1,
4.205840814,0.176881062,24.63245283,3344.297,Cycle_1_charge.csv,24,0.632452828,charge,1,
4.206100144,0.172960518,24.62302102,3356.266,Cycle_1_charge.csv,24,0.623021024,charge,1,
4.205986698,0.173079233,24.61910151,3368.313,Cycle_1_charge.csv,24,0.619101507,charge,1,
4.206361899,0.174795897,24.60404671,3380.391,Cycle_1_charge.csv,24,0.604046715,charge,1,
4.20612941,0.171865979,24.60394057,3392.516,Cycle_1_charge.csv,24,0.603940566,charge,1,
4.206583707,0.17395326,24.60246644,3404.688,Cycle_1_charge.csv,24,0.60246644,charge,1,
4.205750755,0.164930038,24.60417884,3416.86,Cycle_1_charge.csv,24,0.604178839,charge,1,
4.205812628,0.161805908,24.59106787,3429.078,Cycle_1_charge.csv,24,0.591067868,charge,1,
4.205786782,0.16445787,24.58829456,3441.313,Cycle_1_charge.csv,24,0.588294563,charge,1,
4.205986121,0.165051371,24.58800611,3453.594,Cycle_1_charge.csv,24,0.588006112,charge,1,
4.206005353,0.160459695,24.57976319,3465.969,Cycle_1_charge.csv,24,0.579763188,charge,1,
4.206255376,0.164542982,24.58070934,3478.36,Cycle_1_charge.csv,24,0.580709343,charge,1,
4.206388539,0.161487442,24.57771315,3490.641,Cycle_1_charge.csv,24,0.577713152,charge,1,
4.206396908,0.165118195,24.56450645,3503.047,Cycle_1_charge.csv,24,0.564506445,charge,1,
4.206538294,0.162565685,24.55992753,3514.938,Cycle_1_charge.csv,24,0.559927525,charge,1,
4.206713168,0.161415342,24.55748636,3526.844,Cycle_1_charge.csv,24,0.557486363,charge,1,
4.205830848,0.154387264,24.55679917,3538.875,Cycle_1_charge.csv,24,0.556799174,charge,1,
4.205925506,0.150292238,24.5519177,3550.922,Cycle_1_charge.csv,24,0.551917702,charge,1,
4.206164595,0.151859346,24.54069243,3562.985,Cycle_1_charge.csv,24,0.540692427,charge,1,
4.206185554,0.151079775,24.53735684,3574.938,Cycle_1_charge.csv,24,0.537356839,charge,1,
4.206022796,0.148961837,24.53789241,3587.016,Cycle_1_charge.csv,24,0.53789241,charge,1,
4.206403416,0.150265506,24.53151706,3599.125,Cycle_1_charge.csv,24,0.531517064,charge,1,
4.206325307,0.148659839,24.53103139,3611.36,Cycle_1_charge.csv,24,0.531031395,charge,1,
4.206626156,0.149294532,24.53011619,3623.61,Cycle_1_charge.csv,24,0.530116189,charge,1,
4.205690736,0.140842327,24.52704987,3635.938,Cycle_1_charge.csv,24,0.527049869,charge,1,
4.205914006,0.13933633,24.51786138,3648.188,Cycle_1_charge.csv,24,0.517861385,charge,1,
4.205892128,0.140102823,24.51193965,3660.547,Cycle_1_charge.csv,24,0.511939647,charge,1,
4.205979623,0.141227016,24.51611631,3672.891,Cycle_1_charge.csv,24,0.516116311,charge,1,
4.206116113,0.137650524,24.52067509,3685.297,Cycle_1_charge.csv,24,0.520675091,charge,1,
4.206053698,0.139694391,24.50720678,3697.703,Cycle_1_charge.csv,24,0.507206776,charge,1,
4.206200476,0.139576001,24.50178979,3710.266,Cycle_1_charge.csv,24,0.501789785,charge,1,
4.206305504,0.138558461,24.49600278,3722.813,Cycle_1_charge.csv,24,0.496002778,charge,1,
4.206388998,0.139451205,24.49514827,3735.438,Cycle_1_charge.csv,24,0.495148269,charge,1,
4.206282417,0.140063094,24.48660652,3748,Cycle_1_charge.csv,24,0.486606523,charge,1,
4.206518301,0.140076794,24.4827589,3760.703,Cycle_1_charge.csv,24,0.482758901,charge,1,
4.206761325,0.138688739,24.49007646,3773.438,Cycle_1_charge.csv,24,0.490076459,charge,1,
4.20594961,0.128625401,24.4753957,3786.172,Cycle_1_charge.csv,24,0.475395699,charge,1,
4.206007046,0.128703039,24.46665251,3798.891,Cycle_1_charge.csv,24,0.466652506,charge,1,
4.205930204,0.127440707,24.47061752,3811.735,Cycle_1_charge.csv,24,0.470617518,charge,1,
4.206068983,0.130221041,24.46595455,3824.61,Cycle_1_charge.csv,24,0.465954552,charge,1,
4.206004099,0.129141758,24.45767308,3837.516,Cycle_1_charge.csv,24,0.457673078,charge,1,
4.206231672,0.127569657,24.47013984,3850.391,Cycle_1_charge.csv,24,0.470139841,charge,1,
4.20603644,0.130016551,24.4640621,3863.391,Cycle_1_charge.csv,24,0.464062102,charge,1,
4.206304833,0.126105112,24.45889098,3876.407,Cycle_1_charge.csv,24,0.458890981,charge,1,
4.206406304,0.122880587,24.45580626,3889.516,Cycle_1_charge.csv,24,0.455806262,charge,1,
4.206494551,0.12635105,24.45421614,3902.641,Cycle_1_charge.csv,24,0.454216136,charge,1,
4.206622824,0.127066293,24.45408526,3915.75,Cycle_1_charge.csv,24,0.454085258,charge,1,
4.205858602,0.113625124,24.45378635,3928.844,Cycle_1_charge.csv,24,0.453786353,charge,1,
4.205593229,0.115124185,24.44354996,3942.032,Cycle_1_charge.csv,24,0.443549964,charge,1,
4.2058309,0.115487878,24.43314153,3955.219,Cycle_1_charge.csv,24,0.433141531,charge,1,
4.205924999,0.115588886,24.43917399,3968.5,Cycle_1_charge.csv,24,0.439173988,charge,1,
4.205977732,0.117046353,24.4274136,3981.828,Cycle_1_charge.csv,24,0.427413597,charge,1,
4.205745035,0.115016384,24.42954748,3995.235,Cycle_1_charge.csv,24,0.429547479,charge,1,
4.206033851,0.113640059,24.41953332,4008.641,Cycle_1_charge.csv,24,0.419533322,charge,1,
4.20628349,0.11488265,24.42234786,4021.438,Cycle_1_charge.csv,24,0.422347856,charge,1,
4.206358631,0.115238493,24.41452444,4034.313,Cycle_1_charge.csv,24,0.414524438,charge,1,
4.206276112,0.116784054,24.42353292,4047.235,Cycle_1_charge.csv,24,0.423532917,charge,1,
4.206524192,0.113846251,24.4140937,4060.11,Cycle_1_charge.csv,24,0.414093703,charge,1,
4.206798149,0.114507519,24.41407897,4073.141,Cycle_1_charge.csv,24,0.414078967,charge,1,
4.206549562,0.115483565,24.40401926,4086.219,Cycle_1_charge.csv,24,0.404019258,charge,1,
4.206533711,0.112556806,24.40424025,4099.282,Cycle_1_charge.csv,24,0.40424025,charge,1,
4.206933286,0.11399998,24.39818421,4112.375,Cycle_1_charge.csv,24,0.39818421,charge,1,
4.206993358,0.113094563,24.3905923,4125.578,Cycle_1_charge.csv,24,0.390592302,charge,1,
4.207036626,0.114353865,24.39393455,4138.766,Cycle_1_charge.csv,24,0.393934555,charge,1,
4.207060671,0.114393933,24.38996712,4152.016,Cycle_1_charge.csv,24,0.38996712,charge,1,
4.207318714,0.114367947,24.39010533,4165.25,Cycle_1_charge.csv,24,0.390105327,charge,1,
4.207227537,0.113863033,24.38605379,4178.578,Cycle_1_charge.csv,24,0.386053789,charge,1,
4.207293193,0.112004594,24.38189093,4191.938,Cycle_1_charge.csv,24,0.381890933,charge,1,
4.207850336,0.114734771,24.37414138,4205.375,Cycle_1_charge.csv,24,0.37414138,charge,1,
4.206708227,0.103796583,24.36729699,4218.782,Cycle_1_charge.csv,24,0.367296987,charge,1,
4.205745306,0.091510301,24.36595941,4232.328,Cycle_1_charge.csv,24,0.36595941,charge,1,
4.205920446,0.095583562,24.36870686,4245.813,Cycle_1_charge.csv,24,0.368706858,charge,1,
4.205698746,0.093505994,24.37035163,4259.391,Cycle_1_charge.csv,24,0.37035163,charge,1,
4.205893442,0.099631381,24.36185879,4272.953,Cycle_1_charge.csv,24,0.361858788,charge,1,
4.205710343,0.092776032,24.3620073,4286.547,Cycle_1_charge.csv,24,0.362007299,charge,1,
4.205750468,0.092408213,24.35676118,4300.297,Cycle_1_charge.csv,24,0.356761182,charge,1,
4.205829991,0.092365205,24.35187648,4313.985,Cycle_1_charge.csv,24,0.351876482,charge,1,
4.205884733,0.092167868,24.35140373,4327.735,Cycle_1_charge.csv,24,0.351403732,charge,1,
4.205918618,0.093261527,24.34866757,4341.516,Cycle_1_charge.csv,24,0.348667569,charge,1,
4.206140048,0.093722176,24.34828513,4355.344,Cycle_1_charge.csv,24,0.348285134,charge,1,
4.206170681,0.091632232,24.34479375,4369.235,Cycle_1_charge.csv,24,0.344793748,charge,1,
4.206207704,0.094460947,24.34338161,4383.219,Cycle_1_charge.csv,24,0.343381612,charge,1,
4.206257992,0.09395098,24.33773557,4397.157,Cycle_1_charge.csv,24,0.337735574,charge,1,
4.20633992,0.090523624,24.34013936,4411.125,Cycle_1_charge.csv,24,0.340139364,charge,1,
4.206436695,0.091761905,24.33885294,4425.157,Cycle_1_charge.csv,24,0.338852941,charge,1,
4.206331498,0.09155037,24.33186849,4439.297,Cycle_1_charge.csv,24,0.331868491,charge,1,
4.206539217,0.09089017,24.33082182,4453.469,Cycle_1_charge.csv,24,0.330821816,charge,1,
4.206777218,0.094543116,24.33922637,4467.703,Cycle_1_charge.csv,24,0.339226371,charge,1,
4.205835052,0.082918913,24.33680893,4482,Cycle_1_charge.csv,24,0.336808927,charge,1,
4.205797851,0.081079593,24.33391914,4496.282,Cycle_1_charge.csv,24,0.333919142,charge,1,
4.206044236,0.084496928,24.3296829,4510.594,Cycle_1_charge.csv,24,0.3296829,charge,1,
4.205836537,0.085255588,24.34113356,4524.297,Cycle_1_charge.csv,24,0.341133561,charge,1,
4.205646721,0.080112013,24.33060457,4538.063,Cycle_1_charge.csv,24,0.330604571,charge,1,
4.20569176,0.080539346,24.32560077,4551.828,Cycle_1_charge.csv,24,0.325600772,charge,1,
4.205739889,0.079328743,24.3261982,4565.719,Cycle_1_charge.csv,24,0.326198195,charge,1,
4.205768513,0.080820961,24.31650659,4579.594,Cycle_1_charge.csv,24,0.316506593,charge,1,
4.205970901,0.081994008,24.31304003,4593.469,Cycle_1_charge.csv,24,0.313040027,charge,1,
4.206101837,0.079626774,24.30878719,4607.438,Cycle_1_charge.csv,24,0.30878719,charge,1,
4.206018684,0.081185222,24.3101078,4621.391,Cycle_1_charge.csv,24,0.310107805,charge,1,
4.206128617,0.079230016,24.31307123,4635.5,Cycle_1_charge.csv,24,0.313071227,charge,1,
4.206110469,0.077902628,24.30565132,4649.594,Cycle_1_charge.csv,24,0.305651323,charge,1,
4.206424594,0.079692334,24.3051954,4663.703,Cycle_1_charge.csv,24,0.305195405,charge,1,
4.205965353,0.084435108,24.3083206,4677.953,Cycle_1_charge.csv,24,0.308320602,charge,1,
4.206623966,0.079723404,24.29249751,4692.172,Cycle_1_charge.csv,24,0.292497513,charge,1,
4.205766974,0.068817956,24.297501,4706.407,Cycle_1_charge.csv,24,0.297501003,charge,1,
4.205404603,0.069933653,24.30171964,4720.641,Cycle_1_charge.csv,24,0.301719639,charge,1,
4.2054821,0.070920905,24.30017859,4734.985,Cycle_1_charge.csv,24,0.300178592,charge,1,
4.205697434,0.071862351,24.29731428,4749.422,Cycle_1_charge.csv,24,0.297314277,charge,1,
4.205853004,0.070203183,24.30708655,4763.86,Cycle_1_charge.csv,24,0.307086554,charge,1,
4.205284742,0.069194848,24.30901777,4778.25,Cycle_1_charge.csv,24,0.309017773,charge,1,
4.205657815,0.068541313,24.30323629,4792.813,Cycle_1_charge.csv,24,0.30323629,charge,1,
4.205731279,0.07069048,24.29567879,4807.407,Cycle_1_charge.csv,24,0.295678792,charge,1,
4.205424479,0.070355007,24.29914044,4822.047,Cycle_1_charge.csv,24,0.299140444,charge,1,
4.205647274,0.07038598,24.29535003,4836.766,Cycle_1_charge.csv,24,0.295350026,charge,1,
4.205887402,0.069428289,24.28852229,4851.407,Cycle_1_charge.csv,24,0.288522287,charge,1,
4.205985283,0.06822524,24.28737178,4866.078,Cycle_1_charge.csv,24,0.287371778,charge,1,
4.206118521,0.067670828,24.27677018,4880.782,Cycle_1_charge.csv,24,0.276770184,charge,1,
4.206103009,0.068365868,24.28790368,4895.594,Cycle_1_charge.csv,24,0.287903682,charge,1,
4.205645046,0.067146353,24.2800674,4910.375,Cycle_1_charge.csv,24,0.280067402,charge,1,
4.206029103,0.071663458,24.28655325,4925.328,Cycle_1_charge.csv,24,0.286553253,charge,1,
4.206390545,0.068975666,24.27907471,4940.297,Cycle_1_charge.csv,24,0.279074706,charge,1,
4.206003371,0.069048194,24.27327507,4955.266,Cycle_1_charge.csv,24,0.273275066,charge,1,
4.2062531,0.06874561,24.27641571,4970.297,Cycle_1_charge.csv,24,0.276415706,charge,1,
4.20641592,0.070146812,24.27298423,4985.438,Cycle_1_charge.csv,24,0.272984225,charge,1,
4.206238889,0.069120075,24.27188593,5000.516,Cycle_1_charge.csv,24,0.271885933,charge,1,
4.206463654,0.066414585,24.26969861,5014.438,Cycle_1_charge.csv,24,0.269698615,charge,1,
4.206617282,0.068469028,24.27513494,5028.282,Cycle_1_charge.csv,24,0.275134945,charge,1,
4.205644604,0.057807624,24.28088949,5042.25,Cycle_1_charge.csv,24,0.280889486,charge,1,
4.20563666,0.059051437,24.27263481,5056.313,Cycle_1_charge.csv,24,0.272634806,charge,1,
4.205618871,0.059978739,24.26047028,5070.297,Cycle_1_charge.csv,24,0.260470283,charge,1,
4.205665073,0.059294505,24.25249058,5084.328,Cycle_1_charge.csv,24,0.252490583,charge,1,
4.205883378,0.058801425,24.24851098,5098.407,Cycle_1_charge.csv,24,0.248510975,charge,1,
4.205593197,0.059732937,24.2584739,5112.5,Cycle_1_charge.csv,24,0.258473897,charge,1,
4.205717025,0.056740036,24.25299359,5126.641,Cycle_1_charge.csv,24,0.252993593,charge,1,
4.205644308,0.062992625,24.25631016,5140.86,Cycle_1_charge.csv,24,0.25631016,charge,1,
4.20581932,0.057141568,24.25513704,5155.172,Cycle_1_charge.csv,24,0.255137044,charge,1,
4.205832045,0.058952219,24.2521365,5169.516,Cycle_1_charge.csv,24,0.252136503,charge,1,
4.205475261,0.055591005,24.25728232,5183.907,Cycle_1_charge.csv,24,0.257282315,charge,1,
4.205810084,0.055612423,24.25197738,5198.25,Cycle_1_charge.csv,24,0.251977377,charge,1,
4.205956278,0.057198554,24.25618701,5212.735,Cycle_1_charge.csv,24,0.256187008,charge,1,
4.205797617,0.061578652,24.25302137,5227.188,Cycle_1_charge.csv,24,0.253021372,charge,1,
4.205914525,0.0585099,24.24966642,5241.766,Cycle_1_charge.csv,24,0.249666422,charge,1,
4.205863613,0.054773225,24.24239218,5256.297,Cycle_1_charge.csv,24,0.242392185,charge,1,
4.205872229,0.054094787,24.24888672,5270.813,Cycle_1_charge.csv,24,0.248886715,charge,1,
4.206153186,0.056503025,24.2366386,5285.391,Cycle_1_charge.csv,24,0.236638599,charge,1,
4.206214761,0.057524771,24.2317566,5300.016,Cycle_1_charge.csv,24,0.231756599,charge,1,
4.206466012,0.060136141,24.24157064,5314.703,Cycle_1_charge.csv,24,0.241570643,charge,1,
4.206557531,0.057209309,24.23045726,5329.485,Cycle_1_charge.csv,24,0.230457264,charge,1,
4.205511874,0.050193853,24.24198391,5344.282,Cycle_1_charge.csv,24,0.241983913,charge,1,
4.205300988,0.047004101,24.22673158,5359.141,Cycle_1_charge.csv,24,0.226731578,charge,1,
4.205400041,0.048537158,24.22110582,5374.063,Cycle_1_charge.csv,24,0.221105818,charge,1,
4.205208139,0.049096481,24.23296007,5389,Cycle_1_charge.csv,24,0.232960067,charge,1,
4.205343156,0.046433187,24.22503358,5404,Cycle_1_charge.csv,24,0.225033583,charge,1,
4.205471,0.049023474,24.22920066,5418.969,Cycle_1_charge.csv,24,0.229200657,charge,1,
4.205053686,0.047371329,24.23326917,5434.016,Cycle_1_charge.csv,24,0.233269173,charge,1,
4.205449935,0.049698505,24.23508242,5449.078,Cycle_1_charge.csv,24,0.235082422,charge,1,
4.205526589,0.050314643,24.2319235,5464.157,Cycle_1_charge.csv,24,0.231923497,charge,1,
4.205760654,0.045914065,24.23512673,5479.235,Cycle_1_charge.csv,24,0.23512673,charge,1,
4.205293087,0.045074831,24.23468311,5494.422,Cycle_1_charge.csv,24,0.234683109,charge,1,
4.205684792,0.051297554,24.23448344,5509.657,Cycle_1_charge.csv,24,0.234483443,charge,1,
4.205557745,0.046865062,24.22942407,5524.985,Cycle_1_charge.csv,24,0.229424074,charge,1,
4.205499181,0.049194099,24.22282808,5540.282,Cycle_1_charge.csv,24,0.222828084,charge,1,
4.20576345,0.048512405,24.22081849,5555.578,Cycle_1_charge.csv,24,0.220818492,charge,1,
4.205662534,0.045689243,24.22351846,5571.032,Cycle_1_charge.csv,24,0.223518463,charge,1,
4.205650854,0.045044953,24.21778169,5586.453,Cycle_1_charge.csv,24,0.217781689,charge,1,
4.205675417,0.045708095,24.2185693,5601.953,Cycle_1_charge.csv,24,0.218569304,charge,1,
4.205514335,0.045848272,24.22367884,5617.516,Cycle_1_charge.csv,24,0.223678838,charge,1,
4.205444009,0.048071879,24.21595609,5633.094,Cycle_1_charge.csv,24,0.215956093,charge,1,
4.205654069,0.047749481,24.22460536,5648.688,Cycle_1_charge.csv,24,0.224605362,charge,1,
4.205880623,0.047036822,24.21298892,5664.313,Cycle_1_charge.csv,24,0.212988924,charge,1,
4.205841807,0.047237255,24.2158034,5680.094,Cycle_1_charge.csv,24,0.215803401,charge,1,
4.205927246,0.046677369,24.21304526,5695.828,Cycle_1_charge.csv,24,0.213045257,charge,1,
4.206022877,0.049138362,24.22322459,5711.657,Cycle_1_charge.csv,24,0.223224587,charge,1,
4.206156319,0.046868681,24.20677821,5727.547,Cycle_1_charge.csv,24,0.206778208,charge,1,
4.20606532,0.047363542,24.21583484,5743.485,Cycle_1_charge.csv,24,0.215834835,charge,1,
4.205978072,0.049552556,24.21364017,5759.422,Cycle_1_charge.csv,24,0.213640172,charge,1,
4.205859042,0.048856404,24.22824976,5775.438,Cycle_1_charge.csv,24,0.22824976,charge,1,
4.206073403,0.045832672,24.20920877,5791.36,Cycle_1_charge.csv,24,0.209208766,charge,1,
4.20628003,0.044641154,24.20797458,5807.422,Cycle_1_charge.csv,24,0.207974584,charge,1,
4.206356587,0.044958418,24.20524236,5823.532,Cycle_1_charge.csv,24,0.205242356,charge,1,
4.206433588,0.04366176,24.21274014,5839.657,Cycle_1_charge.csv,24,0.212740137,charge,1,
4.206350651,0.044646589,24.20724873,5855.875,Cycle_1_charge.csv,24,0.207248726,charge,1,
4.206358654,0.044109982,24.20920581,5872.11,Cycle_1_charge.csv,24,0.20920581,charge,1,
4.206348052,0.047075477,24.20465742,5888.407,Cycle_1_charge.csv,24,0.20465742,charge,1,
4.206347021,0.045836145,24.20107096,5904.625,Cycle_1_charge.csv,24,0.201070958,charge,1,
4.206401357,0.047822354,24.19753982,5921.016,Cycle_1_charge.csv,24,0.197539825,charge,1,
4.206653729,0.043870203,24.1906421,5937.453,Cycle_1_charge.csv,24,0.190642104,charge,1,
4.205929198,0.032380126,24.1915009,5953.969,Cycle_1_charge.csv,24,0.191500898,charge,1,
4.205851451,0.033178527,24.19715742,5970.516,Cycle_1_charge.csv,24,0.197157419,charge,1,
4.205657342,0.037150749,24.20755786,5987,Cycle_1_charge.csv,24,0.207557862,charge,1,
4.205620434,0.039035365,24.20294032,6003.532,Cycle_1_charge.csv,24,0.202940319,charge,1,
4.205348522,0.034440235,24.19039055,6019.063,Cycle_1_charge.csv,24,0.190390551,charge,1,
4.205482931,0.037430835,24.1967841,6034.469,Cycle_1_charge.csv,24,0.196784098,charge,1,
4.205376879,0.03766549,24.19630152,6049.985,Cycle_1_charge.csv,24,0.19630152,charge,1,
4.20546732,0.034685974,24.19155517,6065.547,Cycle_1_charge.csv,24,0.191555174,charge,1,
4.205623539,0.033576963,24.19274449,6081.157,Cycle_1_charge.csv,24,0.192744486,charge,1,
4.205592037,0.037390267,24.20090771,6096.75,Cycle_1_charge.csv,24,0.200907709,charge,1,
4.205738226,0.036308742,24.19496446,6112.36,Cycle_1_charge.csv,24,0.194964457,charge,1,
4.205718129,0.033153739,24.19934073,6128.094,Cycle_1_charge.csv,24,0.199340726,charge,1,
4.205769102,0.03397036,24.19425468,6143.782,Cycle_1_charge.csv,24,0.19425468,charge,1,
4.205797745,0.035167333,24.19409635,6159.641,Cycle_1_charge.csv,24,0.194096347,charge,1,
4.20573034,0.036155675,24.18759696,6175.547,Cycle_1_charge.csv,24,0.187596962,charge,1,
4.205788995,0.036084067,24.19781753,6191.422,Cycle_1_charge.csv,24,0.197817531,charge,1,
4.205532622,0.03329765,24.19652882,6207.407,Cycle_1_charge.csv,24,0.196528821,charge,1,
4.205798173,0.035550097,24.19211432,6223.407,Cycle_1_charge.csv,24,0.19211432,charge,1,
4.205889041,0.036890683,24.19272141,6239.453,Cycle_1_charge.csv,24,0.192721409,charge,1,
4.205807284,0.03442561,24.19361629,6255.485,Cycle_1_charge.csv,24,0.193616289,charge,1,
4.205958939,0.034520218,24.20151678,6271.688,Cycle_1_charge.csv,24,0.201516781,charge,1,
4.205910167,0.036564024,24.19219151,6287.953,Cycle_1_charge.csv,24,0.192191505,charge,1,
4.205934874,0.035140879,24.18775739,6304.188,Cycle_1_charge.csv,24,0.187757387,charge,1,
4.206194147,0.034810459,24.18771093,6320.532,Cycle_1_charge.csv,24,0.18771093,charge,1,
4.205946347,0.03703809,24.1883997,6336.86,Cycle_1_charge.csv,24,0.1883997,charge,1,
4.205698415,0.037208903,24.18862457,6353.235,Cycle_1_charge.csv,24,0.188624574,charge,1,
4.206028671,0.035745022,24.18693827,6369.657,Cycle_1_charge.csv,24,0.186938269,charge,1,
4.206020769,0.034909028,24.18241076,6386.016,Cycle_1_charge.csv,24,0.182410761,charge,1,
4.206213486,0.036153639,24.18704962,6402.5,Cycle_1_charge.csv,24,0.187049615,charge,1,
4.205982112,0.036150356,24.18917981,6419.032,Cycle_1_charge.csv,24,0.18917981,charge,1,
4.20599763,0.035196317,24.17772014,6435.61,Cycle_1_charge.csv,24,0.177720135,charge,1,
4.206092441,0.033581969,24.17817837,6452.235,Cycle_1_charge.csv,24,0.178178369,charge,1,
4.206269123,0.032410548,24.18672603,6468.907,Cycle_1_charge.csv,24,0.18672603,charge,1,
4.206393183,0.035542824,24.17160026,6485.61,Cycle_1_charge.csv,24,0.171600261,charge,1,
4.206346327,0.034918505,24.17377823,6502.344,Cycle_1_charge.csv,24,0.173778232,charge,1,
4.206481054,0.031338281,24.17593804,6519.094,Cycle_1_charge.csv,24,0.175938037,charge,1,
4.2064635,0.033729552,24.17484345,6535.953,Cycle_1_charge.csv,24,0.174843452,charge,1,
4.206225771,0.032504255,24.18704764,6552.797,Cycle_1_charge.csv,24,0.187047636,charge,1,
4.206212671,0.033154785,24.17633878,6569.672,Cycle_1_charge.csv,24,0.176338777,charge,1,
4.206417449,0.034388121,24.17392983,6586.594,Cycle_1_charge.csv,24,0.173929831,charge,1,
4.206348936,0.035312164,24.17756366,6603.61,Cycle_1_charge.csv,24,0.177563662,charge,1,
4.206351718,0.032571025,24.18622639,6620.61,Cycle_1_charge.csv,24,0.186226388,charge,1,
4.206616586,0.03350008,24.18568831,6637.703,Cycle_1_charge.csv,24,0.185688312,charge,1,
4.206485901,0.034223722,24.18887297,6654.86,Cycle_1_charge.csv,24,0.188872969,charge,1,
4.206789146,0.031485733,24.18832646,6672.063,Cycle_1_charge.csv,24,0.18832646,charge,1,
4.206469684,0.034062864,24.18204114,6689.266,Cycle_1_charge.csv,24,0.182041143,charge,1,
4.206564367,0.034019453,24.17740198,6706.641,Cycle_1_charge.csv,24,0.177401983,charge,1,
4.206540852,0.03604012,24.17328556,6723.953,Cycle_1_charge.csv,24,0.173285565,charge,1,
4.206969096,0.033836509,24.18000611,6741.391,Cycle_1_charge.csv,24,0.180006107,charge,1,
4.207044269,0.033052853,24.18229023,6758.813,Cycle_1_charge.csv,24,0.182290231,charge,1,
4.206756539,0.035405752,24.18374675,6776.313,Cycle_1_charge.csv,24,0.183746749,charge,1,
4.206999693,0.034253722,24.18535307,6793.875,Cycle_1_charge.csv,24,0.185353066,charge,1,
4.206879465,0.034420746,24.1804829,6811.297,Cycle_1_charge.csv,24,0.180482895,charge,1,
4.206948066,0.035222529,24.17607581,6828.828,Cycle_1_charge.csv,24,0.176075809,charge,1,
4.206890049,0.030619162,24.18205677,6846.375,Cycle_1_charge.csv,24,0.182056771,charge,1,
4.206971631,0.03323909,24.16913962,6864.047,Cycle_1_charge.csv,24,0.169139619,charge,1,
4.206886519,0.032252205,24.16706188,6881.719,Cycle_1_charge.csv,24,0.167061881,charge,1,
4.207045952,0.032811414,24.17098969,6899.422,Cycle_1_charge.csv,24,0.170989691,charge,1,
4.207190249,0.031121876,24.17199757,6917.188,Cycle_1_charge.csv,24,0.171997566,charge,1,
4.207093694,0.033663287,24.17230663,6934.969,Cycle_1_charge.csv,24,0.17230663,charge,1,
4.207242513,0.031169216,24.18061917,6952.844,Cycle_1_charge.csv,24,0.180619167,charge,1,
4.206984469,0.032083668,24.17598245,6970.75,Cycle_1_charge.csv,24,0.175982454,charge,1,
4.207280565,0.033483896,24.17830194,6988.735,Cycle_1_charge.csv,24,0.178301936,charge,1,
4.207508873,0.031138735,24.19034909,7006.766,Cycle_1_charge.csv,24,0.190349094,charge,1,
4.207293551,0.029887617,24.18553131,7023.578,Cycle_1_charge.csv,24,0.185531314,charge,1,
4.207469555,0.030971145,24.18344509,7040.36,Cycle_1_charge.csv,24,0.183445086,charge,1,
4.207341977,0.034537124,24.18339559,7057.266,Cycle_1_charge.csv,24,0.183395587,charge,1,
4.207403419,0.034296771,24.18018542,7074.157,Cycle_1_charge.csv,24,0.18018542,charge,1,
4.207712416,0.03259293,24.18776719,7091.172,Cycle_1_charge.csv,24,0.187767195,charge,1,
4.206852912,0.024036235,24.17204376,7108.188,Cycle_1_charge.csv,24,0.172043764,charge,1,
4.205601228,0.011160222,24.18205991,7125.25,Cycle_1_charge.csv,24,0.182059907,charge,1,
4.13560691,-0.000347028,24.4645469,7142.282,Cycle_1_charge.csv,24,0.464546905,charge,1,
4.167481064,-0.003196658,24.72991877,7159.172,Cycle_1_charge.csv,24,0.729918767,charge,1,
4.175966391,-0.002784319,24.76830935,7176.235,Cycle_1_charge.csv,24,0.768309354,charge,1,
4.180722213,-0.000370081,24.75777742,7193.328,Cycle_1_charge.csv,24,0.757777417,charge,1,
4.183546518,-0.002823792,24.74854711,7210.485,Cycle_1_charge.csv,24,0.748547112,charge,1,
4.185573684,-0.004271172,24.73966553,7227.625,Cycle_1_charge.csv,24,0.739665526,charge,1,
4.187114841,0.000633491,24.72235445,7244.828,Cycle_1_charge.csv,24,0.722354447,charge,1,
4.187999817,-0.001055921,24.69850482,7262.11,Cycle_1_charge.csv,24,0.698504821,charge,1,
4.188665427,-0.001757354,24.68391759,7279.297,Cycle_1_charge.csv,24,0.683917592,charge,1,
4.189376615,-0.001352902,24.67586384,7296.61,Cycle_1_charge.csv,24,0.675863837,charge,1,
4.189504097,-0.00118804,24.64986146,7313.969,Cycle_1_charge.csv,24,0.649861459,charge,1,
4.18992935,-0.000980391,24.65142203,7331.391,Cycle_1_charge.csv,24,0.651422027,charge,1,
4.190393398,-0.000672935,24.64550558,7348.875,Cycle_1_charge.csv,24,0.645505577,charge,1,
4.190384727,-0.002334212,24.62351768,7366.328,Cycle_1_charge.csv,24,0.623517679,charge,1,
4.190378848,-0.000585054,24.6067947,7383.813,Cycle_1_charge.csv,24,0.606794705,charge,1,
4.190885428,0.001669652,24.60677005,7401.391,Cycle_1_charge.csv,24,0.606770046,charge,1,
4.191030866,-0.00519602,24.59659529,7419,Cycle_1_charge.csv,24,0.596595287,charge,1,
4.190848852,-0.001319447,24.59316229,7436.719,Cycle_1_charge.csv,24,0.593162288,charge,1,
4.1909821,-0.002671397,24.57598627,7454.375,Cycle_1_charge.csv,24,0.575986269,charge,1,
4.190838936,-0.002003293,24.56757543,7472.11,Cycle_1_charge.csv,24,0.567575426,charge,1,
4.190859546,-0.001877065,24.55604281,7489.891,Cycle_1_charge.csv,24,0.556042809,charge,1,
4.191174808,-0.003292357,24.54849752,7507.86,Cycle_1_charge.csv,24,0.54849752,charge,1,
4.190821696,-0.003391354,24.53939729,7525.782,Cycle_1_charge.csv,24,0.53939729,charge,1,
4.191299001,-0.000942382,24.53249795,7543.797,Cycle_1_charge.csv,24,0.532497949,charge,1,
4.191388159,-0.000350589,24.5186726,7561.75,Cycle_1_charge.csv,24,0.518672599,charge,1,
4.191452978,-0.001855933,24.51436272,7579.813,Cycle_1_charge.csv,24,0.514362725,charge,1,
4.191077563,-0.002892444,24.5070405,7597.875,Cycle_1_charge.csv,24,0.507040498,charge,1,
